"Identificador de la publicación","Identificador de la página","Nombre de la página",Título,Descripción,"Duración (segundos)","Hora de publicación","Tipo de subtítulo","Enlace permanente","Es una publicación cruzada","Es una publicación compartida","Tipo de publicación",Idiomas,"Etiquetas personalizadas","Estado de contenido financiado","Comentario sobre los datos",Fecha,Impresiones,Alcance,"Reacciones, comentarios y veces que se compartió",Reacciones,Comentarios,"Veces que se compartió","Total de clics","Clics de otro tipo","Consumo de segmentación del público coincidente (Photo Click)","Clics en el enlace","Consumo de segmentación del público coincidente (Video Click)","Segundos reproducidos","Segundos en promedio reproducidos","Ingresos estimados (USD)","CPM del anuncio (USD)","Impresiones del anuncio"
4521429551239081,422553107793433,"Facultad de Ingeniería UABC Mexicali",,"Atención Alumnos FIM:

Del día 3 al 5 de enero del 2022 se pueden realizar pagos para presentar exámenes extraordinarios para aquellos alumnos que no lo pudieron solicitar en el mes de diciembre y las calificaciones se generarán por la modalidad de actas complementarias y debe entregar ó enviar al docente el recibo de pago. Gracias.",0,"01/03/2022 19:01",N/A,https://www.facebook.com/fimuabc/posts/pfbid0AzPmrRiBGAYqZbZUWF9YMiu7TteQBUvuEZfQKKDZT2DciQpwuHR3Jm5Zm3oGbEzYl,0,0,Texto,,,,,Total,49,46,10,5,0,5,0,,,,,,,,,
4541179652597404,422553107793433,"Facultad de Ingeniería UABC Mexicali","UNISER A.C.","📌CURSOS DE LENGUAS EXTRANJERAS CICLO 2022-1 
Se impartirán en LÍNEA 💻 Del 8 de FEBRERO al 28 de MAYO del 2022
REGISTRO EN LÍNEA ✅ A partir del 17 de ENERO del 2022
http://admisiones.celexbc.com.mx/

https://www.facebook.com/360131767515312/posts/1716836035178205/",0,"01/10/2022 17:01",N/A,https://www.facebook.com/fimuabc/posts/pfbid026da6dGErVc9RE8vGxfMFVnLR3zJ6VrhRFpBnKLRE4iEH5Pj99BUxc34TMZ1tXiBml,0,1,Otro,,,,,Total,58,53,8,7,0,1,6,4,,2,,,,,,
4543521549029881,422553107793433,"Facultad de Ingeniería UABC Mexicali",,,0,"01/11/2022 13:01",N/A,https://www.facebook.com/fimuabc/posts/pfbid021TTkgLEBLXjKakgD3Gii1HN8sDmf67NQpyJVaCpMqB8u3m8bTQPomBAi3APbuWAjl,0,0,Foto,,,,,Total,151,122,27,13,5,9,1,1,,,,,,,,
4543998048982231,422553107793433,"Facultad de Ingeniería UABC Mexicali",,"Alumnos FIM :
La fecha de pago de recibo cambió, será del 
 17 al 25 de enero.",0,"01/11/2022 17:01",N/A,https://www.facebook.com/fimuabc/posts/pfbid02VCzy21sXohpj1pHb7NFnf3ZEkAYy2XRmj3xkM8yF8BcKpT4bQiEQ3UKUzosyvK9ql,0,0,Texto,,,,,Total,142,121,86,67,11,8,1,1,,,,,,,,
4554935271221842,422553107793433,"Facultad de Ingeniería UABC Mexicali",,,0,"01/14/2022 12:01",N/A,https://www.facebook.com/fimuabc/posts/pfbid02V6zcQ712ax4TiyvdMAiw9mEq2hgAjeDrTccFNrd2ULQVPGSUZMhZuQoXLXLSoi7el,0,0,Foto,,,,,Total,17,17,10,9,0,1,0,,,,,,,,,
4554935911221778,422553107793433,"Facultad de Ingeniería UABC Mexicali",,"Atención Alumnos FIM
Enlace de inscripción: https://fundacionuabc.org/prohibido-rendirse-2022/",0,"01/14/2022 12:01",N/A,https://www.facebook.com/fimuabc/posts/pfbid02PbZ7hJQF6zfLAAopohbFiFgxxrujVoRmpSPRpUPURN3b3vDvoc4m71tFcFEeJWzql,0,0,Foto,,,,,Total,31,30,7,6,0,1,0,,,,,,,,,
4581606825221353,422553107793433,"Facultad de Ingeniería UABC Mexicali",,"Infografía sobre Alimentación Saludable elaborada por el alumno Kened Yair Díaz Salazar dentro del programa de servicio social comunitario Vida Sana en la FIM supervisado por la Dra. Mónica Isabel Soto Tapiz.",0,"01/20/2022 13:01",N/A,https://www.facebook.com/fimuabc/posts/pfbid0bg2eUSAs6jnMqYT48pGNo66s1F7GrhyxYQPRbFncqy4mnLFt3i9DnVBtaCH7ek4Rl,0,0,Foto,,,,,Total,50,44,24,22,0,2,0,,,,,,,,,
4584599751588727,422553107793433,"Facultad de Ingeniería UABC Mexicali",,,0,"01/21/2022 06:01",N/A,https://www.facebook.com/fimuabc/posts/pfbid0261y9qCCKqzc8fU7JBSsHgEyUFGchmDLne11DRKVntQQ4ZLGu2YQMzg9FKGiD3Erfl,0,0,Enlace,,,,,Total,14,14,0,0,0,0,0,,,,,,,,,
4587470414634994,422553107793433,"Facultad de Ingeniería UABC Mexicali",,,0,"01/21/2022 22:01",N/A,https://www.facebook.com/fimuabc/posts/pfbid02jmxbDHtvSWhWGKrVFiWrVoD4VYAz1f6aExYRHXyFnKu8AEbXPAZwjFnNdTNp4sHbl,0,0,Foto,,,,,Total,27,26,7,4,2,1,0,,,,,,,,,
4599581426757226,422553107793433,"Facultad de Ingeniería UABC Mexicali",,,0,"01/24/2022 13:01",N/A,https://www.facebook.com/fimuabc/posts/pfbid02EhRkZVXMdUf5J5zbbT9wf8Wjr9zAWECDdtMUw7eiF26p5rtsPou2S9Sg8pWfmPYYl,0,0,Foto,,,,,Total,90,85,73,38,31,4,24,21,,3,,,,,,
4599785553403480,422553107793433,"Facultad de Ingeniería UABC Mexicali",,"Convocatoria del programa ENLACE UCSD-UABC-FUABC",0,"01/24/2022 15:01",N/A,https://www.facebook.com/fimuabc/posts/pfbid0sD81zeVK5NTqiQbv2RJPhs2cTkGRzmzj1UH4d238SFBDWBJzitxVowSqF5WoiVjAl,0,0,Foto,,,,,Total,50,46,9,6,0,3,2,1,1,,,,,,,
4608762149172487,422553107793433,"Facultad de Ingeniería UABC Mexicali","Actualización de estado",https://www.facebook.com/1428471490787415/posts/2776705149297369/,0,"01/26/2022 14:01",N/A,https://www.facebook.com/fimuabc/posts/pfbid02v6kw8X7Ch5fcUPjYcUVBEN4CSNdaAxZCwwh19bRF9TWiiHSWcnsHPGiHkRDjykRvl,0,1,Foto,,,,,Total,25,25,2,2,0,0,0,,,,,,,,,
4608810902500945,422553107793433,"Facultad de Ingeniería UABC Mexicali",,,0,"01/26/2022 15:01",N/A,https://www.facebook.com/fimuabc/posts/pfbid033s2nS7szMsybKdfhL7mxw4UPLRiXhvJbHe9LC6WLiZ2oAymW75AVE8zgr26uXCZMl,0,0,Foto,,,,,Total,31,29,4,2,0,2,1,1,,,,,,,,
4609972565718112,422553107793433,"Facultad de Ingeniería UABC Mexicali","Ceremonia de Bienvenida a Alumnos de Nuevo Ingreso 2022-1",https://www.facebook.com/events/462470948737884/,0,"01/26/2022 21:01",N/A,https://www.facebook.com/fimuabc/posts/pfbid034TDPFZ7SwaWKoA5cA4Y7dADtxfxmdqMsMAXDVe7v3uNUyxePwrKW9eCCqrdmTT9Rl,0,0,Enlace,,,,,Total,21,21,2,2,0,0,1,,,1,,,,,,
4627356403979728,422553107793433,"Facultad de Ingeniería UABC Mexicali",,"Calendario de Actividades Escolares 2021-2/2022-1 

Descárgalo en PDF: https://bit.ly/3bFLHMF",0,"01/31/2022 17:01",N/A,https://www.facebook.com/fimuabc/posts/pfbid02gMR3GqnefWPb6WCnzyJ4UarNy4S5Lj7TzGn3aqWhw5u3yR5XXKtmgKgoujXq6z1Ll,0,0,Foto,,,,,Total,381,333,38,28,0,10,21,3,10,8,,,,,,
4630081753707193,422553107793433,"Facultad de Ingeniería UABC Mexicali",,"Atención Alumnos FIM:",0,"02/01/2022 12:02",N/A,https://www.facebook.com/fimuabc/posts/pfbid02jD5zzHim1BLam34LFFfW5L4sZJHQQGSkAVQQLycGTXqCL6C2WmPV6zzXwp8ZNbQbl,0,0,Foto,,,,,Total,70,65,18,10,4,4,7,6,1,,,,,,,
4630231533692215,422553107793433,"Facultad de Ingeniería UABC Mexicali",,,0,"02/01/2022 13:02",N/A,https://www.facebook.com/fimuabc/posts/pfbid0B4yqNB3p6MckaSxEPZuqJEHccQL8L1SsmpEvJy18Ad9LRBgqtqi1U6G7kiBNYFsfl,0,0,Foto,,,,,Total,47,44,3,1,0,2,0,,,,,,,,,
4630232710358764,422553107793433,"Facultad de Ingeniería UABC Mexicali",,,0,"02/01/2022 13:02",N/A,https://www.facebook.com/fimuabc/posts/pfbid035UjVSmoX4WUYh4ZH7pko33wGT2PQQ5Te6Q3j9jpyFLebJYAZtqy7jRydjTKmfAmBl,0,0,Foto,,,,,Total,22,22,0,0,0,0,0,,,,,,,,,
4632781423437226,422553107793433,"Facultad de Ingeniería UABC Mexicali",,"Atención Alumnos de nuevo ingreso FIM, ya  pueden inscribirse en el sistema de Servicio Social, en los talleres de febrero, al inicio de cada mes se irán habilitando los demás, recuerden que solo tienen que asistir a uno de los 8, cada taller tiene cupo de 150 alumnos, en esta misma página en los comentarios publicaremos el enlace de acceso de las sesiones de blackboard, un día antes de cada taller. Gracias, dudas o comentarios al correo ssc.fim@uabc.edu.mx",0,"02/02/2022 08:02",N/A,https://www.facebook.com/fimuabc/posts/pfbid0EJGxskRJFJFvB4zhNdfUCp4HxXgsz8FrYwAmEwU4qdQ8oq4Pey8ecLLZo7cmwQVql,0,0,Foto,,,,,Total,525,471,17,8,5,4,33,29,4,,,,,,,
4636244846424217,422553107793433,"Facultad de Ingeniería UABC Mexicali",,"Te invitamos a celebrar los 65 eventos gratuitos por el 65 aniversario de UABC. La FIM presenta la cápsula ""Ingenio en Ingeniería"" el 10 de febrero. Participa 👍🏻
#lafimcercadeti",0,"02/03/2022 09:02",N/A,https://www.facebook.com/fimuabc/posts/pfbid0XzdeURRF4kU9jPAiJoCUWsnr8o71e8zsUvbVw7jXoqupqhD1EwJ9vfgqPDx9i8mDl,0,0,Foto,,,,,Total,27,27,9,8,0,1,0,,,,,,,,,
4637084783006890,422553107793433,"Facultad de Ingeniería UABC Mexicali","Alas para Volar | FundacionUABC","Beca Alas, Oportunidades para Volar - tiene como objetivo principal apoyar a alumnos que deseen realizar un intercambio internacional, que no cuenten con las condiciones económicas para realizar una estancia de un semestre en alguna de las universidades de todo el mundo que la UABC tiene convenio, permitiendo que los estudiantes enriquezcan su formación en una nueva dimensión internacional.

Enlace a la convocatoria https://fundacionuabc.org/a-quien-apoyamos/alas-para-volar/

Beca Prohibido Rendirse - tiene como objetivo otorgar un apoyo económico a los alumnos de UABC que se encuentran en una situación económica desfavorable para solventar gastos escolares y de manutención. 

Enlace a la convocatoria: https://fundacionuabc.org/a-quien-apoyamos/beca-prohibido-rendirse/

Brindando Acceso - tiene como objetivo el otorgar equipos de cómputo portátil a estudiantes de la UABC, sobresalientes académicamente y de bajos recursos económicos. 

Enlace a la convocatoria https://fundacionuabc.org/que-hacemos/brindando-acceso/",0,"02/03/2022 15:02",N/A,https://www.facebook.com/fimuabc/posts/pfbid02bPRnpQYxZCvRajQoTq5S4PYRx7GibH1kC3pt4Mb7ukana2kabjxdas8ozRzRXiRVl,0,0,Enlace,,,,,Total,52,51,1,1,0,0,1,,,1,,,,,,
4639837202731648,422553107793433,"Facultad de Ingeniería UABC Mexicali","De competencias","Atención comunidad FIM se hace de su conocimiento que ya está disponible la convocatoria para examen de competencias en la página de ingeniería. 

https://ingenieria.mxl.uabc.mx/index.php/2013-11-21-02-04-03/de-competencias",0,"02/04/2022 11:02",N/A,https://www.facebook.com/fimuabc/posts/pfbid0LeCqYY81vjTxsee2diFr2bxXgyYvBStPvbF9P9mypJFc5jHUnsFwxXbBJxrujoKUl,0,0,Enlace,,,,,Total,60,55,5,2,1,2,4,2,,2,,,,,,
4640496009332434,422553107793433,"Facultad de Ingeniería UABC Mexicali",,"Beca Alas, Oportunidades para Volar - tiene como objetivo principal apoyar a alumnos que deseen realizar un intercambio internacional, que no cuenten con las condiciones económicas para realizar una estancia de un semestre en alguna de las universidades de todo el mundo que la UABC tiene convenio, permitiendo que los estudiantes enriquezcan su formación en una nueva dimensión internacional.

Enlace a la convocatoria https://fundacionuabc.org/a-quien-apoyamos/alas-para-volar/

Beca Prohibido Rendirse - tiene como objetivo otorgar un apoyo económico a los alumnos de UABC que se encuentran en una situación económica desfavorable para solventar gastos escolares y de manutención. 

Enlace a la convocatoria: https://fundacionuabc.org/a-quien-apoyamos/beca-prohibido-rendirse/

Brindando Acceso - tiene como objetivo el otorgar equipos de cómputo portátil a estudiantes de la UABC, sobresalientes académicamente y de bajos recursos económicos. 

Enlace a la convocatoria https://fundacionuabc.org/que-hacemos/brindando-acceso/",0,"02/04/2022 17:02",N/A,https://www.facebook.com/fimuabc/posts/pfbid06ipCUDNCVPgeUwiNqCf58TjQ8XooACYm7hWPrndeNeJP3a31ceu1qj9f2dczqXdBl,0,0,Foto,,,,,Total,353,326,12,5,0,7,14,4,7,3,,,,,,
4651666531548715,422553107793433,"Facultad de Ingeniería UABC Mexicali",,,0,"02/08/2022 10:02",N/A,https://www.facebook.com/fimuabc/posts/pfbid02fmER2Av6FBewMwnW4Eadc41PRQLHn4WS7ooqRe1qaciQi1axs7ugGPP4sdYqykaBl,0,0,Foto,,,,,Total,25,25,1,0,0,1,0,,,,,,,,,
4652021104846591,422553107793433,"Facultad de Ingeniería UABC Mexicali",,,0,"02/08/2022 13:02",N/A,https://www.facebook.com/fimuabc/posts/pfbid0oCqBLLXabVZs2T3LkyiHFWCF6fjieUkm4t5os9oGa3UJ3YQyf3tC4J6UsY17pmKpl,0,0,Foto,,,,,Total,26,26,3,3,0,0,0,,,,,,,,,
4655254274523274,422553107793433,"Facultad de Ingeniería UABC Mexicali","Actualización de estado",https://www.facebook.com/1865543320393799/posts/3153202774961174/,0,"02/09/2022 15:02",N/A,https://www.facebook.com/fimuabc/posts/pfbid0Cotd5SRZuaBDihepP21uieQfaHdoLnGDSCZcEQNNLo5oRi6gi6CkHPywa62F9WTfl,0,1,Foto,,,,,Total,39,39,3,2,0,1,2,1,1,,,,,,,
4657785257603509,422553107793433,"Facultad de Ingeniería UABC Mexicali",,"En el marco del 65 aniversario de la UABC, te invitamos a participar en este evento de la FIM.

#SoyFIM  #SoyUABC #lafimcercadeti 

Liga de acceso al evento:
bit.ly/UABC654
https://meet.google.com/hom-qjbn-zja",0,"02/10/2022 11:02",N/A,https://www.facebook.com/fimuabc/posts/pfbid0mpTF2QgZ9sNYvqczXrS4DL45DKEionwBDN2zeULXZNcXKG19GTMuwpgThUHGnpvil,0,0,Foto,,,,,Total,42,41,4,2,0,2,0,,,,,,,,,
4658651467516888,422553107793433,"Facultad de Ingeniería UABC Mexicali","Actualización de estado",https://www.facebook.com/349586429220665/posts/1088626458649988/,0,"02/10/2022 18:02",N/A,https://www.facebook.com/fimuabc/posts/pfbid034T72S7iaB2vxCyxYiWVYECW9Hk3PXsgsjUkXno52WPMNf4W17g7qvFhQvjCdRVuzl,0,1,Foto,,,,,Total,109,100,31,28,0,3,3,3,,,,,,,,
4660619407320094,422553107793433,"Facultad de Ingeniería UABC Mexicali",,,0,"02/11/2022 09:02",N/A,https://www.facebook.com/fimuabc/posts/pfbid035t72oNxPa8r7VkHyUFKpBtWWRgm32pn2cbvhTNbvhes8jiTWb88BGbpEtZ28rsezl,0,0,Foto,,,,,Total,26,26,6,6,0,0,0,,,,,,,,,
4660654587316576,422553107793433,"Facultad de Ingeniería UABC Mexicali",,"Lograr la igualdad sustantiva para las mujeres en la Ciencia, la Tecnología, las Ingenierías y las Matemáticas (#STEM), es uno de los desafíos contemporáneos de las instituciones educativas.
Día Internacional de las Mujeres, las Jóvenes y las Niñas en la Ciencia.
Nuestro reconocimiento a su labor y deseamos que cada vez sean más.
Felicidades 👍🏻👩‍🔬👩🏻‍💻👷‍♀️👩‍⚕️
 #MujeresEnLaCiencia #MujeresEnLaIngeniería #HazloComoNiña #lafimcercadeti #SoyFIM",0,"02/11/2022 09:02",N/A,https://www.facebook.com/fimuabc/posts/pfbid07jTdbp25BYMWo3AE8jcjDJjLMietA1zM7DDat8bHGDzuJLXCZ7xJsGUYDU41gen3l,0,0,Foto,,,,,Total,100,87,67,49,0,18,1,1,,,,,,,,
4661555130559855,422553107793433,"Facultad de Ingeniería UABC Mexicali",,,0,"02/11/2022 16:02",N/A,https://www.facebook.com/fimuabc/posts/pfbid0RbkkUALcKaNmVivPjYgSdT7iz9ZPGCUC7uFcfH7fYoLbnetNewYcW8rK5CsZqgdCl,0,0,Foto,,,,,Total,32,30,13,11,0,2,1,,1,,,,,,,
4670236693025032,422553107793433,"Facultad de Ingeniería UABC Mexicali","De competencias","Atención comunidad FIM se hace de su conocimiento que ya está disponible la convocatoria para examen de competencias en la página de ingeniería. 

https://ingenieria.mxl.uabc.mx/index.php/2013-11-21-02-04-03/de-competencias",0,"02/14/2022 14:02",N/A,https://www.facebook.com/fimuabc/posts/pfbid0JKsmG2A8BwGs3Lzgq2dCV96UJpD2RUPBD2uAowpt58fHDZ5NTFwUnaSK5RmQPt8dl,0,0,Enlace,,,,,Total,32,31,0,0,0,0,0,,,,,,,,,
4670515152997186,422553107793433,"Facultad de Ingeniería UABC Mexicali",,,0,"02/14/2022 17:02",N/A,https://www.facebook.com/fimuabc/posts/pfbid0v7dffN3ZYvNnquccA3WqVj32duLkA3EewSffNi75dzNxYhWv5GHsKuLmp1rnDZT9l,0,0,Foto,,,,,Total,90,70,27,21,3,3,3,3,,,,,,,,
4672551016126933,422553107793433,"Facultad de Ingeniería UABC Mexicali",,"Atención Comunidad FIM‼ 📣

Taller miércoles 16/02 a las 10 a.m.
https://us.bbcollab.com/guest/1306b75239b843f98e1735d1ac057b27

Taller miércoles 16/02 a las 4 p.m.
https://us.bbcollab.com/guest/cc94d59e6c314c1cad5f07c683447410",0,"02/15/2022 08:02",N/A,https://www.facebook.com/fimuabc/posts/pfbid02efnH3f48ho96mGF3R2NGGrzHP7peBhdzt1Y2pjHtaxjaNVSLb4WwZD12Q4uBCWrSl,0,0,Foto,,,,,Total,381,337,45,19,17,9,16,16,,,,,,,,
4675823475799687,422553107793433,"Facultad de Ingeniería UABC Mexicali","De competencias","Atención comunidad FIM se hace de su conocimiento que ya está disponible la convocatoria para examen de competencias en la página de ingeniería. 

https://ingenieria.mxl.uabc.mx/index.php/2013-11-21-02-04-03/de-competencias",0,"02/16/2022 10:02",N/A,https://www.facebook.com/fimuabc/posts/pfbid03JVKJAmUZxWsRYDmN9sFQq6Akm5fLRY8vBW5CYgYcNiM7zvkR7QVeFhtwNonJqdZl,0,0,Enlace,,,,,Total,30,30,0,0,0,0,0,,,,,,,,,
4676555865726448,422553107793433,"Facultad de Ingeniería UABC Mexicali",,,0,"02/16/2022 15:02",N/A,https://www.facebook.com/fimuabc/posts/pfbid0c4doH9m7S49X4ZTqpbF88GTvvrNxb5hryanDiQ4f9MyWifWiFpySDGSZd6ECbHKsl,0,0,Foto,,,,,Total,30,30,1,0,0,1,1,1,,,,,,,,
4676573639058004,422553107793433,"Facultad de Ingeniería UABC Mexicali","Convocatoria del Verano 2022 - Programa Delfín","ABIERTA LA CONVOCATORIA
al “XXVII Verano de la Investigación Científica del Pacífico 2022”

https://www.programadelfin.org.mx/sitio/estudiantes-verano-convocatoria2022.php",0,"02/16/2022 16:02",N/A,https://www.facebook.com/fimuabc/posts/pfbid02EMSbWQQbjumcALFWf8dPtZRZU2LGVNMdth1ZFPQ4Utk4ZJMwhey1CdNd2LExcbKol,0,0,Enlace,,,,,Total,27,27,0,0,0,0,1,,,1,,,,,,
4676797602368941,422553107793433,"Facultad de Ingeniería UABC Mexicali","Actualización de estado","Bolsa de Trabajo:

https://www.facebook.com/1428471490787415/posts/2790997837868100/",0,"02/16/2022 17:02",N/A,https://www.facebook.com/fimuabc/posts/pfbid02BF8rVoLh15KCMbwhbJMTnER1JqdshnsbJwoiL15pzDy1aELw9sEvD5Yx8sWPu7Cdl,0,1,Foto,,,,,Total,37,37,3,2,1,0,3,2,1,,,,,,,
4691016187613749,422553107793433,"Facultad de Ingeniería UABC Mexicali",,"Próximamente, te invitamos a participar 👍🏻",0,"02/21/2022 08:02",N/A,https://www.facebook.com/fimuabc/posts/pfbid02RgT4Tetkoyt8Ckoe297pHvDp7QqBeZRh9dnNeFxuoXHwfGatEpG78ViLHzjQwtdcl,0,0,Foto,,,,,Total,51,49,18,14,1,3,0,,,,,,,,,
4691396694242365,422553107793433,"Facultad de Ingeniería UABC Mexicali","De competencias","Atención comunidad FIM se hace de su conocimiento que ya está disponible la convocatoria para examen de competencias en la página de ingeniería. Cierra el día 24 de febrero. Gracias. 

https://ingenieria.mxl.uabc.mx/index.php/2013-11-21-02-04-03/de-competencias",0,"02/21/2022 10:02",N/A,https://www.facebook.com/fimuabc/posts/pfbid0HZY7GyNj7WMptHYNcsmBKkCHsuRjib6zwRmtTnijwuXzJ27xShGZjyczKnXXiuqAl,0,0,Enlace,,,,,Total,32,32,1,1,0,0,0,,,,,,,,,
4703372906378077,422553107793433,"Facultad de Ingeniería UABC Mexicali",,,0,"02/25/2022 11:02",N/A,https://www.facebook.com/fimuabc/posts/pfbid0323kbyWg9aCXcfAKJUU1UVnWiUM7qJJEUCCS9MnUc7LNxWy5m17JFRHNBNPxq89tol,0,0,Foto,,,,,Total,29,29,0,0,0,0,0,,,,,,,,,
4703387913043243,422553107793433,"Facultad de Ingeniería UABC Mexicali","Boletín Informativo Facultad de Ingeniería","Tercer boletín FIM
#lafimcercadeti 

https://www.yumpu.com/s/NZxU8mQYe0ydIWER",0,"02/25/2022 11:02",N/A,https://www.facebook.com/fimuabc/posts/pfbid0MFb7aCeziUbcodLj4usa1GBxq4ci4jLqMdTa7to6z5Ti5aAznJH8oam1aCwTeWg1l,0,0,Enlace,,,,,Total,62,59,2,1,0,1,0,,,,,,,,,
4703777946337573,422553107793433,"Facultad de Ingeniería UABC Mexicali",,"Alumnos de nuevo ingreso a la FIM (tronco común), revisa los horarios para que asistas a la primera tutoría grupal del 1 al 7 de marzo, donde te daremos información importante, las sesiones serán en línea. ¡Te esperamos!",0,"02/25/2022 14:02",N/A,https://www.facebook.com/fimuabc/posts/pfbid02vqZwBxxrcbqvgKbJtiuvDJK6cM6tC8YP2NJeUd2qK5qrbJGhvbi4qWtM7tasCpvsl,0,0,Foto,,,,,Total,69,67,0,0,0,0,4,3,1,,,,,,,
4703971862984848,422553107793433,"Facultad de Ingeniería UABC Mexicali",,"Atenta invitación a los estudiantes a la Plática de Intercambio 2022-1 el día 4 de marzo a las 17:00. En ella resolveremos dudas de la convocatoria, documentación y el Lic. Gerardo hablará sobre la beca ALAS",0,"02/25/2022 16:02",N/A,https://www.facebook.com/fimuabc/posts/pfbid04DnQ755VcaUUJbjwkqCDtVZrSYeCipq59Xk1Qxqvszj5vJzz3X23nkCot5Yg4dbPl,0,0,Foto,,,,,Total,274,228,18,5,6,7,2,2,,,,,,,,
4704156262966408,422553107793433,"Facultad de Ingeniería UABC Mexicali","Extensión de Plazo","Atención Alumnos FIM Convocatoria de extensión de plazo:
https://ingenieria.mxl.uabc.mx/index.php/extension-de-plazo",0,"02/25/2022 18:02",N/A,https://www.facebook.com/fimuabc/posts/pfbid0YzqmWSh7tUFHA8FrnEw4rnXjs5hkmnbkYjHiDYJLzAdxuFtvS5nooEQZNpQYWKpPl,0,0,Enlace,,,,,Total,33,33,0,0,0,0,0,,,,,,,,,
4714894298559271,422553107793433,"Facultad de Ingeniería UABC Mexicali",,,0,"03/01/2022 17:03",N/A,https://www.facebook.com/fimuabc/posts/pfbid0Q46MkY4YHvxWuSKUDogKBRX9kknEvtr5ws9coHwAE7TPndDPZpj7gJwcuJAbvhu9l,0,0,Foto,,,,,Total,30,30,0,0,0,0,0,,,,,,,,,
4714895171892517,422553107793433,"Facultad de Ingeniería UABC Mexicali",,,0,"03/01/2022 17:03",N/A,https://www.facebook.com/fimuabc/posts/pfbid0kczhZWftiBtRmeE1cDP5vScS34EfdxU794csuVQHHV5fSbwCKobGq2JSBCRfMLa3l,0,0,Foto,,,,,Total,36,35,4,3,0,1,0,,,,,,,,,
4715312641850770,422553107793433,"Facultad de Ingeniería UABC Mexicali","Bases Convocatoria.pdf","¡NO TE QUEDES SIN TU CERTIFICACIÓN PROFESIONAL!

COURSERA y UABC queremos invitar a nuestros estudiantes a certificarse con las mejores empresas a nivel mundial. 
Al participar, no sólo obtendrás nuevos conocimientos y mejorarás tu perfil profesional, ¡también podrás validar créditos optativos por tu esfuerzo!

Ingresa al siguiente enlace para conocer las Bases Oficiales y la oferta educativa: https://drive.google.com/file/d/1ME4vYcNQyqmWJGTtm36NGrI7uJriW71-/view

¡Inscríbete y participa de forma gratuita! ➡️ https://forms.gle/niRzgA3eU5N3aZPT6",0,"03/01/2022 20:03",N/A,https://www.facebook.com/fimuabc/posts/pfbid0JGAQF8VndJBZHaqVgnCNNGDEubAAs2b92XzuRHws8R8SXnDa3i3NM1oxmLm4vbmpl,0,0,Enlace,,,,,Total,51,50,0,0,0,0,2,,,2,,,,,,
4717018201680214,422553107793433,"Facultad de Ingeniería UABC Mexicali",,,0,"03/02/2022 10:03",N/A,https://www.facebook.com/fimuabc/posts/pfbid0VemvGJXcAvsUJZuQtt9TUCEThNGFu7XnE4nrobuauiumf5WaJEfaJEXKfSXXoqVHl,0,0,Foto,,,,,Total,72,69,38,22,7,9,1,,1,,,,,,,
4722571454458222,422553107793433,"Facultad de Ingeniería UABC Mexicali","Actualización de estado",https://www.facebook.com/254710164875890/posts/1774253732921518/,0,"03/04/2022 11:03",N/A,https://www.facebook.com/fimuabc/posts/pfbid02i6mAWvBWC9xs3GzrFDxQedfu9ezyAJEzBjnfii3ymMj7575gZtQh7nWrScBV5smal,0,1,Foto,,,,,Total,41,41,30,30,0,0,2,2,,,,,,,,
4722961904419177,422553107793433,"Facultad de Ingeniería UABC Mexicali","Actualización de estado",https://www.facebook.com/254710164875890/posts/1774432872903604/,0,"03/04/2022 15:03",N/A,https://www.facebook.com/fimuabc/posts/pfbid02urtVWnFpnmuBkfdv98ZoXBmZoQiqPnxYQDCF1CYLASCcgY19kqb8TsRmeSs8tWzhl,0,1,Foto,,,,,Total,118,108,111,109,2,0,10,7,3,,,,,,,
4724730047575696,422553107793433,"Facultad de Ingeniería UABC Mexicali","Investigación y Posgrado FIM UABC","Te invitamos a seguir en Facebook la página de Investigación y Posgrado FIM UABC :

https://www.facebook.com/Investigaci%C3%B3n-y-Posgrado-FIM-UABC-101383645811035",0,"03/05/2022 06:03",N/A,https://www.facebook.com/fimuabc/posts/pfbid0zGzDfG1VFHnBkvY6SPDQqD12cyX3MAr64woEGHSL18dNYxeoqkGYirSDWbdVQMnHl,0,0,Enlace,,,,,Total,36,36,0,0,0,0,1,1,,,,,,,,
4725802097468491,422553107793433,"Facultad de Ingeniería UABC Mexicali",,"Enlace de acceso:
https://meet.google.com/ubq-kvep-phi?authuser=0",0,"03/05/2022 17:03",N/A,https://www.facebook.com/fimuabc/posts/pfbid02Xq8WhZrgs7DrhYKxJj5DwG1uw91VdMRzxcoSLctEJLpkSFxanvs9c1EBwR72X6zVl,0,0,Foto,,,,,Total,36,36,11,11,0,0,1,,1,,,,,,,
4732781840103850,422553107793433,"Facultad de Ingeniería UABC Mexicali",,,0,"03/08/2022 09:03",N/A,https://www.facebook.com/fimuabc/posts/pfbid02THAnTifQzr3pPyXXguBheHw4rYBJDDsuXy7CQHVQQ2ta5wf4eBphd8Bosx8UdLBTl,0,0,Foto,,,,,Total,107,100,25,17,0,8,0,,,,,,,,,
4735737786474922,422553107793433,"Facultad de Ingeniería UABC Mexicali",,"Entrega de hologramas 2022-1 el día de hoy de 4:00 a 6:00 p.m (En la explanada-Frente a Posgrado)",0,"03/09/2022 12:03",N/A,https://www.facebook.com/fimuabc/posts/pfbid02vCKyerbi38hWDQFb2BzhkHHVugPrbCFjL97Qm4WsJHTQS3XzfAaKHRngt6i5aTLvl,0,0,Texto,,,,,Total,54,50,15,9,1,5,0,,,,,,,,,
4736017216446979,422553107793433,"Facultad de Ingeniería UABC Mexicali","Actualización de estado",https://www.facebook.com/254710164875890/posts/1778037575876467/,0,"03/09/2022 15:03",N/A,https://www.facebook.com/fimuabc/posts/pfbid0UxFuost7umU3oYLtfz7xUpXxnJjHCEV6TzpmQVVHWxkyJHXz3CuCf6gEyqU2R8cQl,0,1,Foto,,,,,Total,38,38,11,11,0,0,0,,,,,,,,,
4738135736235127,422553107793433,"Facultad de Ingeniería UABC Mexicali",,"Cordialmente invitados:
https://www.facebook.com/155173835071200/photos/a.161968927725024/1032666770655231/?type=3",0,"03/10/2022 09:03",N/A,https://www.facebook.com/fimuabc/posts/pfbid0x41YZufeqxoSsowTXetvd4pQRYtU1WWL75jkrZnAky91EPPGT8XACVv4NhqZnRANl,0,0,Foto,,,,,Total,61,61,6,5,0,1,1,,1,,,,,,,
4740994102615957,422553107793433,"Facultad de Ingeniería UABC Mexicali",,,0,"03/11/2022 11:03",N/A,https://www.facebook.com/fimuabc/posts/pfbid022G6RhdrquqGEBzMEFR9kVv2C3Tq9LHwXh8phpFXTwpUTWheJ3kPt6qRUTJTebHH7l,0,0,Foto,,,,,Total,145,134,67,47,12,8,7,5,2,,,,,,,
4741308415917859,422553107793433,"Facultad de Ingeniería UABC Mexicali","Actualización de estado",https://www.facebook.com/254710164875890/posts/1778939489119609/?d=n,0,"03/11/2022 14:03",N/A,https://www.facebook.com/fimuabc/posts/pfbid0zLGF9Lej6gYGQnGNdgEAhmRfneZT3RbjkdizHf1ycV3irtDgABhCC4kJCCUtZfqgl,0,1,Foto,,,,,Total,42,42,19,19,0,0,0,,,,,,,,,
4741601209221913,422553107793433,"Facultad de Ingeniería UABC Mexicali","Actualización de estado",https://www.facebook.com/254710164875890/posts/1779511782395713/,0,"03/11/2022 17:03",N/A,https://www.facebook.com/fimuabc/posts/pfbid0qdVdpcGQB2YfxFBxDVmNfz4PYSaEvssahdUBE29pFW6v56cCcmy5eZ1Bb3t9N4Sil,0,1,Foto,,,,,Total,98,95,16,16,0,0,4,,4,,,,,,,
4741611225887578,422553107793433,"Facultad de Ingeniería UABC Mexicali","Bienvenidos a su casa, la Facultad de Ingeniería Campus Mexicali","#lafimcercadeti 

https://youtu.be/mlZBOSDVfl8",0,"03/11/2022 17:03",N/A,https://www.facebook.com/fimuabc/posts/pfbid0TStZZk6RDJmLiwvEHRt6mdWyw8EMTWsGz4CjyYHF3ZupakkYioEKohGm22QQkGSfl,0,0,Enlace,,,,,Total,39,39,1,1,0,0,0,,,,,,,,,
4741704582544909,422553107793433,"Facultad de Ingeniería UABC Mexicali",,"Atención Alumnos FIM:",0,"03/11/2022 18:03",N/A,https://www.facebook.com/fimuabc/posts/pfbid02iP9HwKPhT1CP3vMQzYy5QrKKSEbT8ibpvKohZ7JCmTYspoJgaj1Lu9hT7merSZYrl,0,0,Foto,,,,,Total,45,45,5,4,0,1,0,,,,,,,,,
4741716512543716,422553107793433,"Facultad de Ingeniería UABC Mexicali",,,0,"03/11/2022 18:03",N/A,https://www.facebook.com/fimuabc/posts/pfbid02ijM7kp21CJjsBVY2vyffYYGgb64J4F6vyZeR9aM9Mg8LvEz1kHXNjeGAsY3rNfVFl,0,0,Foto,,,,,Total,43,42,5,4,0,1,0,,,,,,,,,
4741902889191745,422553107793433,"Facultad de Ingeniería UABC Mexicali","Actualización de estado",https://www.facebook.com/254710164875890/posts/1778207975859427/,0,"03/11/2022 19:03",N/A,https://www.facebook.com/fimuabc/posts/pfbid0kuVAN7drtzcjzHR9KS6qK2WYNc4E1DBDX2HwHdXKe1FdgCDJvHVUrVRbkMksnyYFl,0,1,Foto,,,,,Total,49,49,17,17,0,0,0,,,,,,,,,
4748525418529492,422553107793433,"Facultad de Ingeniería UABC Mexicali","Actualización de estado",https://www.facebook.com/254710164875890/posts/1781628795517345/,0,"03/14/2022 10:03",N/A,https://www.facebook.com/fimuabc/posts/pfbid0hx2VMvhhMbeWw3SUdrF8px2vLUYMe7wLtf8T4XxEmhB5jUYCW4tmRd69eSEc6m1Wl,0,1,Foto,,,,,Total,47,47,12,12,0,0,2,1,1,,,,,,,
4748527931862574,422553107793433,"Facultad de Ingeniería UABC Mexicali",,,0,"03/14/2022 10:03",N/A,https://www.facebook.com/fimuabc/posts/pfbid027HgjDzeCVmkFqf1LGyGiqtmXx36WFZCcnDPXkkvL4H7H25LAeEaBdfCKygeHvRXsl,0,0,Foto,,,,,Total,39,38,4,4,0,0,0,,,,,,,,,
4748528348529199,422553107793433,"Facultad de Ingeniería UABC Mexicali",,,0,"03/14/2022 10:03",N/A,https://www.facebook.com/fimuabc/posts/pfbid02eABiJjXD7gdN3N25mQR8y5ZLPw13y5MJAohHeMfUoNqoQ6KEvFR7H6rzW8sA5e6zl,0,0,Foto,,,,,Total,43,41,5,3,0,2,0,,,,,,,,,
4749182758463758,422553107793433,"Facultad de Ingeniería UABC Mexicali","Actualización de estado",https://www.facebook.com/254710164875890/posts/1781802405499984/,0,"03/14/2022 16:03",N/A,https://www.facebook.com/fimuabc/posts/pfbid07EC6SjPaDeZXxdsXpgFLUuwnjoRihQYhSvCh8szrxq9fto7ySmJ2njhNRzwNUrdUl,0,1,Foto,,,,,Total,46,45,14,14,0,0,1,1,,,,,,,,
4751291714919529,422553107793433,"Facultad de Ingeniería UABC Mexicali","Actualización de estado",https://www.facebook.com/254710164875890/posts/1782392972107594/,0,"03/15/2022 10:03",N/A,https://www.facebook.com/fimuabc/posts/pfbid02ruKTh9vnUrViXT63y1GGvUTB1sVzZW8JsohENcD8renYKExPwmcK6yq5TgAKrBBrl,0,1,Foto,,,,,Total,53,53,13,12,0,1,4,3,1,,,,,,,
4751907161524651,422553107793433,"Facultad de Ingeniería UABC Mexicali",,"Atención Comunidad FIM 📣
Taller miércoles 16 de Marzo a las 10 a.m.

https://us.bbcollab.com/guest/dd9886b6d66849fab06f53ae18f547c9",0,"03/15/2022 15:03",N/A,https://www.facebook.com/fimuabc/posts/pfbid02993EXDYf5tW2TaWkmaZtvucp34HiawXDeQEw8wWdEtC37LgsL33ymd4TisQEaibnl,0,0,Foto,,,,,Total,108,99,15,3,4,8,2,2,,,,,,,,
4751913621524005,422553107793433,"Facultad de Ingeniería UABC Mexicali","Actualización de estado",https://www.facebook.com/254710164875890/posts/1782516722095219/,0,"03/15/2022 16:03",N/A,https://www.facebook.com/fimuabc/posts/pfbid02N6x78atxufpuNJCdD4guody92nwjUTKPGs8wMNQ14fzUsVCa1goWNLoora3oYaYVl,0,1,Foto,,,,,Total,62,60,3,3,0,0,2,2,,,,,,,,
4751929538189080,422553107793433,"Facultad de Ingeniería UABC Mexicali",,"Para alumnos que se encuentran cursando su último año en ingeniería aeroespacial, mecánica, eléctrica y afines, se les invita a una reunión para los campamentos de verano Honeywell. Información adjunta en el flyer.
La plática se llevará a cabo el día de mañana  miércoles 16 de marzo  de 3:30 a 5:00 pm.
No te pierdas esta plática en donde daremos a conocer  las oportunidades que tenemos actualmente para estudiantes junto con un panel de expertas que hablarán sobre su experiencia dentro de una de las empresas líderes en  Innovación  &  Tecnología a nivel mundial.

Regístrate aquí : https://forms.office.com/r/RZB3ViYxiB

Link de la session : https://nam12.safelinks.protection.outlook.com/ap/t-59584e83/?url=https%3A%2F%2Fteams.microsoft.com%2Fl%2Fmeetup-join%2F19%253ameeting_YmYxNmZhOGQtYzE0Ni00MWJjLThkNjQtNmM2NjA2NzRiNTMw%2540thread.v2%2F0%3Fcontext%3D%257b%2522Tid%2522%253a%252296ece526-9c7d-48b0-8daf-8b93c90a5d18%2522%252c%2522Oid%2522%253a%2522b1173061-7f12-4336-b89d-e12b019581bd%2522%257d&data=04%7C01%7CAnaFernanda.HernandezMiranda%40Honeywell.com%7C18e4dfa3b7944ca6d40208da02d5f0f1%7C96ece5269c7d48b08daf8b93c90a5d18%7C0%7C0%7C637825415145797546%7CUnknown%7CTWFpbGZsb3d8eyJWIjoiMC4wLjAwMDAiLCJQIjoiV2luMzIiLCJBTiI6Ik1haWwiLCJXVCI6Mn0%3D%7C3000&sdata=%2BQ%2BRTBz%2BrdyvTsSzFm0qVjc4k7dfgeQMs9ve%2F4H7LXk%3D&reserved=0

Nota: En caso de requerir justificante favor de ponerse en contacto al siguiente correo: elda.tavarez@uabc.edu.mx (Se tomará asistencia)",0,"03/15/2022 16:03",N/A,https://www.facebook.com/fimuabc/posts/pfbid027gWaEMP6XWDNB5cGoZmNuzVuxExfP4FveA1bJKtCQdkZRS8gEajrrZA14Han9NGol,0,0,Foto,,,,,Total,67,62,4,3,0,1,1,,1,,,,,,,
4753755484673152,422553107793433,"Facultad de Ingeniería UABC Mexicali",,"Atenta Invitación:

Para alumnos que se encuentran cursando su último año en ingeniería aeroespacial, mecánica, eléctrica y afines, se les invita a una reunión para los campamentos de verano Honeywell. Información adjunta en el flyer.
La plática se llevará a cabo el día de mañana  miércoles 16 de marzo  de 3:30 a 5:00 p. m.

No te pierdas esta plática en donde daremos a conocer  las oportunidades que tenemos actualmente para estudiantes junto con un panel de expertas que hablarán sobre su experiencia dentro de una de las empresas líderes en  Innovación  &  Tecnología a nivel mundial.

Regístrate aquí : https://forms.office.com/r/RZB3ViYxiB

Link de la session : https://nam12.safelinks.protection.outlook.com/ap/t-59584e83/?url=https%3A%2F%2Fteams.microsoft.com%2Fl%2Fmeetup-join%2F19%253ameeting_YmYxNmZhOGQtYzE0Ni00MWJjLThkNjQtNmM2NjA2NzRiNTMw%2540thread.v2%2F0%3Fcontext%3D%257b%2522Tid%2522%253a%252296ece526-9c7d-48b0-8daf-8b93c90a5d18%2522%252c%2522Oid%2522%253a%2522b1173061-7f12-4336-b89d-e12b019581bd%2522%257d&data=04%7C01%7CAnaFernanda.HernandezMiranda%40Honeywell.com%7C18e4dfa3b7944ca6d40208da02d5f0f1%7C96ece5269c7d48b08daf8b93c90a5d18%7C0%7C0%7C637825415145797546%7CUnknown%7CTWFpbGZsb3d8eyJWIjoiMC4wLjAwMDAiLCJQIjoiV2luMzIiLCJBTiI6Ik1haWwiLCJXVCI6Mn0%3D%7C3000&sdata=%2BQ%2BRTBz%2BrdyvTsSzFm0qVjc4k7dfgeQMs9ve%2F4H7LXk%3D&reserved=0

Nota: En caso de requerir justificante favor de ponerse en contacto al siguiente correo: elda.tavarez@uabc.edu.mx (Se tomará asistencia)",0,"03/16/2022 08:03",N/A,https://www.facebook.com/fimuabc/posts/pfbid027d8DN4z5k8bsu47CrDRQofwoSZLwvkXxMjdeMSWJTJ6kP9duUv1We8B7TdY87GdMl,0,0,Foto,,,,,Total,66,62,0,0,0,0,0,,,,,,,,,
4753936277988406,422553107793433,"Facultad de Ingeniería UABC Mexicali","Fotos subidas con el celular","Atención Comunidad FIM:

https://www.facebook.com/155173835071200/photos/a.161968927725024/1035959590325949/?type=3",0,"03/16/2022 09:03",N/A,https://www.facebook.com/fimuabc/posts/pfbid09gvsmcq1bj45bHwDMYpgtsq6QCPtijs9SD32zKXFKQbnMXZ9gzXyZPMXnDVLXc9hl,0,1,Foto,,,,,Total,40,39,1,1,0,0,0,,,,,,,,,
4754008687981165,422553107793433,"Facultad de Ingeniería UABC Mexicali","Actualización de estado",https://www.facebook.com/254710164875890/posts/1783203212026570/,0,"03/16/2022 10:03",N/A,https://www.facebook.com/fimuabc/posts/pfbid0FEt4H5ncRyCrMFYJnTveL7J5Cm89WRHvxh2mgT8oFbSRGrjbH6Jkgjm76kdWnme5l,0,1,Foto,,,,,Total,51,49,8,8,0,0,0,,,,,,,,,
4754082041307163,422553107793433,"Facultad de Ingeniería UABC Mexicali",,,0,"03/16/2022 10:03",N/A,https://www.facebook.com/fimuabc/posts/pfbid0RYb4NHT9Q3fKJmJKqxDEHV2kQAdBS7xQfCU418J7ssFcjQQwwT4i3QoMPK6TvUvJl,0,0,Foto,,,,,Total,45,41,3,2,0,1,2,,2,,,,,,,
4756617114386989,422553107793433,"Facultad de Ingeniería UABC Mexicali",,"Enlace para registro de los postulantes:   https://forms.gle/efoXVNYEzwDZR3JN8",0,"03/17/2022 09:03",N/A,https://www.facebook.com/fimuabc/posts/pfbid0f6gXo62uocUmTvhNzGtyzqMkn37exNFWEgG7MFW5t6mpftpAQSFbcxGamNYviAq9l,0,0,Foto,,,,,Total,238,219,5,2,0,3,7,4,3,,,,,,,
4756864551028912,422553107793433,"Facultad de Ingeniería UABC Mexicali","Fotos subidas con el celular","Atención Comunidad FIM:

https://www.facebook.com/155173835071200/photos/a.161968927725024/1035959590325949/?type=3",0,"03/17/2022 11:03",N/A,https://www.facebook.com/fimuabc/posts/pfbid0ttY7TRiHBVXp1bsKNd8sz5JJx13iGDh9P6reW5hLkRYvZ7UZGjSr7ff6KhLv5APjl,0,1,Foto,,,,,Total,42,40,0,0,0,0,0,,,,,,,,,
4757095257672508,422553107793433,"Facultad de Ingeniería UABC Mexicali","Actualización de estado",https://www.facebook.com/254710164875890/posts/1784097728603785/,0,"03/17/2022 13:03",N/A,https://www.facebook.com/fimuabc/posts/pfbid02XaAhpZpTqioNQLZAUTA8pBSheCVideni4ko6boxVscrHzSojGTcj3khJF1TNaoyGl,0,1,Foto,,,,,Total,68,66,14,14,0,0,2,2,,,,,,,,
4757098701005497,422553107793433,"Facultad de Ingeniería UABC Mexicali",,"COMUNIDAD FIM, los invitamos a la conferencia que se ofrecerá como parte del Seminario de Investigación Píldoras i+D

Aprender jugando: Uso de la gamificación en la Ingeniería de Software, que será impartida por el Dr. Iván Antonio García Pacheco

Día: 25 de marzo de 12-13 hrs (tiempo del pacífico)
Enlace: https://meet.google.com/vzi-bpri-udh",0,"03/17/2022 14:03",N/A,https://www.facebook.com/fimuabc/posts/pfbid0FqcL1XnweuXJaPEvaHviRRLR1uitmweov2AKQu94xs7vwHoHmPhxoD9GrkJpcwZPl,0,0,Foto,,,,,Total,43,41,1,1,0,0,1,,1,,,,,,,
4759279230787444,422553107793433,"Facultad de Ingeniería UABC Mexicali",,"¡Únete a nuestro equipo #futureshaper, reconocido por su liderazgo, innovación y diversidad!

 

Invitamos a todas las alumnas de Robótica, Informática, Sistemas Computacionales, Comunicaciones, Eléctrica, Electrónica o cualquier otra ingeniería a unirse a nuestra Segunda sesión del Career Unboxing 2022 Automatización en Centros de Distribución este jueves 24 de Marzo a las 16:00 horas CT, a través de Microsoft Teams.

*Favor de registrar tu asistencia.

Haz clic aquí para registrarte: https://forms.office.com/r/r7urxkeQ9V

https://teams.microsoft.com/l/meetup-join/19%3ameeting_OWYzMTMzNWQtODc3MC00ZWE2LWI1ZGQtYTdmNGJhYmEwZDY4%40thread.v2/0?context=%7b%22Tid%22%3a%2296ece526-9c7d-48b0-8daf-8b93c90a5d18%22%2c%22Oid%22%3a%22b1173061-7f12-4336-b89d-e12b019581bd%22%7d",0,"03/18/2022 09:03",N/A,https://www.facebook.com/fimuabc/posts/pfbid0YHzkuQnJqUxQ873eiNzHv3qvh23zwzybHoo7ShCXQPT6QDwtMjzGHpKXYg2K3oEyl,0,0,Foto,,,,,Total,58,56,3,3,0,0,0,,,,,,,,,
4759901007391933,422553107793433,"Facultad de Ingeniería UABC Mexicali",,"Atención Alumnos FIM:",5,"03/18/2022 15:03",N/A,https://www.facebook.com/fimuabc/posts/pfbid02jgiXQL2e3E5zxbyS46Lc181AkVT2RoUNDXZoDmQdjMd7ksHPbUH2bK3T4fiH1USel,0,0,Video,,,,,Total,670,563,1,1,0,0,19,8,,,11,941.916,2.047,0,0,0
4759908454057855,422553107793433,"Facultad de Ingeniería UABC Mexicali",,,0,"03/18/2022 15:03",N/A,https://www.facebook.com/fimuabc/posts/pfbid0vRYUSbpbogJAPEAmFwFBGqWAdtJrrg7izvtAcawBYuKFR231VNWbriipHi85HR5ol,0,0,Foto,,,,,Total,43,41,0,0,0,0,0,,,,,,,,,
4759909587391075,422553107793433,"Facultad de Ingeniería UABC Mexicali",,,5,"03/18/2022 15:03",N/A,https://www.facebook.com/fimuabc/posts/pfbid0224C2QnEWZPYy7Q2JeQXs7DqzPwZ3ydHDoGoP5AFiPwjmKB37CVA46F5xRreJnxKnl,0,0,Video,,,,,Total,791,639,0,0,0,0,61,23,,,38,1648.189,2.784,0,0,0
4760172877364746,422553107793433,"Facultad de Ingeniería UABC Mexicali",,,0,"03/18/2022 18:03",N/A,https://www.facebook.com/fimuabc/posts/pfbid0s7Se67F2oYKqpRjTV56fxXXGzrBXGt9GGkK7MGLRoszdgRjc7U3mBza2Mqn7rc1Gl,0,0,Foto,,,,,Total,44,41,1,1,0,0,1,1,,,,,,,,
4769543656427668,422553107793433,"Facultad de Ingeniería UABC Mexicali","Actualización de estado",https://www.facebook.com/254710164875890/posts/1787985861548305/,0,"03/22/2022 14:03",N/A,https://www.facebook.com/fimuabc/posts/pfbid09dYVU6ntynPFHL4mtwpdAQAvDvpFfqTUHue82z68rjSmFF4HjhcQ6V5MPL7fcgBKl,0,1,Foto,,,,,Total,75,69,5,5,0,0,9,6,3,,,,,,,
4770138723034828,422553107793433,"Facultad de Ingeniería UABC Mexicali","Actualización de estado",https://www.facebook.com/1865543320393799/posts/3183979065216878/,0,"03/22/2022 20:03",N/A,https://www.facebook.com/fimuabc/posts/pfbid0EVrQtU4WVZrU9o59MXcQjuW6LGxwVZg7KxDnF4J4hcuHwa3RK1g7usPeHkqHimzpl,0,1,Foto,,,,,Total,46,44,1,1,0,0,0,,,,,,,,,
4771820126200021,422553107793433,"Facultad de Ingeniería UABC Mexicali",,,0,"03/23/2022 11:03",N/A,https://www.facebook.com/fimuabc/posts/pfbid02Mn4HuXKxJSBVfyZragYSXxGfEjwuAB7HqhfERXvQY7ZThvyscQWYTwvNoLtLUHcQl,0,0,Foto,,,,,Total,43,41,4,4,0,0,0,,,,,,,,,
4774444929270874,422553107793433,"Facultad de Ingeniería UABC Mexicali","Actualización de estado",https://www.facebook.com/254710164875890/posts/1789421541404737/,0,"03/24/2022 12:03",N/A,https://www.facebook.com/fimuabc/posts/pfbid0cJHbZik3KSYDBzMpwnMQgbXsJZAXrfSmbiqXnyXjbogGEsQDuxDWoSRUTHuaA6uUl,0,1,Foto,,,,,Total,138,132,20,17,3,0,10,9,1,,,,,,,
4774748925907141,422553107793433,"Facultad de Ingeniería UABC Mexicali",,"Te invitamos a participar en el diagnóstico de salud:
FACULTAD DE INGENIERIA: https://forms.gle/DxyTzxXb8Vd2jxKw9",0,"03/24/2022 15:03",N/A,https://www.facebook.com/fimuabc/posts/pfbid02q4Bg2op5RpMtavBKBWYP4zeU8k14BMxirYKMmcjaqKEPUWrVmbKXpGW2R6duYryXl,0,0,Foto,,,,,Total,55,51,4,2,1,1,0,,,,,,,,,
4777529165629117,422553107793433,"Facultad de Ingeniería UABC Mexicali",,"Invitación al Coloquio de Experiencias Aprendizaje a través del Intercambio Estudiantil que se llevará a cabo el día 30 de marzo. 

Estudiantes de Idiomas, Ingeniería Aeroespacial, Mecánica, Industrial, Mecatrónica, Bioingeniería, Arquitectura y Diseño compartirán con ustedes lo aprendido durante su intercambio.",0,"03/25/2022 17:03",N/A,https://www.facebook.com/fimuabc/posts/pfbid0SQiRe5EbgbMmTB3Gn9X9AqHJZbZAghG7vY37UZJptxDC3s159HWLVEb2cwoYCTB9l,0,0,Foto,,,,,Total,118,108,5,4,0,1,3,1,2,,,,,,,
4782669578448409,422553107793433,"Facultad de Ingeniería UABC Mexicali",,"Atención Comunidad FIM, cordialmente invitados a la primera conferencia del Ciclo de conferencias 2022-1 ""Tocando la puerta al egreso"", titulada ""Elaboración de CV efectivo"", la cual se llevará a cabo el día 31 de marzo a las 6 pm. 
Enlace:
https://meet.google.com/rxb-yhvc-bbf?hs=224

image.png",0,"03/27/2022 16:03",N/A,https://www.facebook.com/fimuabc/posts/pfbid02G8yNyJFqzhd8zuk4jjQFGF5m7qUtUfXhtMSabNngfQyhWtTgyCz8SFzYwozqvWREl,0,0,Foto,,,,,Total,225,195,23,12,1,10,4,3,1,,,,,,,
4784560921592608,422553107793433,"Facultad de Ingeniería UABC Mexicali","Actualización de estado",https://www.facebook.com/254710164875890/posts/1792518304428394/,0,"03/28/2022 10:03",N/A,https://www.facebook.com/fimuabc/posts/pfbid0b2MMQWncp89SW2Ze6tbS1bZHwztTvpYqoiECNoDbe6JpSDbJpG3J6BdwHxTCcc84l,0,1,Foto,,,,,Total,49,46,24,21,3,0,0,,,,,,,,,
4785414528173914,422553107793433,"Facultad de Ingeniería UABC Mexicali",,"Atención Comunidad FIM:",0,"03/28/2022 19:03",N/A,https://www.facebook.com/fimuabc/posts/pfbid0hEkAfKQtS1koC2inm5QTQrmL9uPxfHPK8iRGN5zwQ7fQ2hDn5EKBkSq5h3wcLaUhl,0,0,Foto,,,,,Total,90,81,4,3,0,1,0,,,,,,,,,
4787068214675212,422553107793433,"Facultad de Ingeniería UABC Mexicali",,,0,"03/29/2022 09:03",N/A,https://www.facebook.com/fimuabc/posts/pfbid06owuTjqc83qLdo3iwRYwSNonrwsBSpZL5fRoqkU3ibchJ1F9ptFLtJo8KWzffA1sl,0,0,Foto,,,,,Total,50,46,2,1,1,0,2,1,1,,,,,,,
4787068398008527,422553107793433,"Facultad de Ingeniería UABC Mexicali",,,0,"03/29/2022 09:03",N/A,https://www.facebook.com/fimuabc/posts/pfbid094nG4Y1cJuqzF1xpmyeRRTXXC6sHXcDb2TehrNpp8fJ5xnG5TG6oZRjLutunneB2l,0,0,Foto,,,,,Total,48,45,0,0,0,0,0,,,,,,,,,
4787111991337501,422553107793433,"Facultad de Ingeniería UABC Mexicali","Actualización de estado",https://www.facebook.com/254710164875890/posts/1793385447675013/,0,"03/29/2022 10:03",N/A,https://www.facebook.com/fimuabc/posts/pfbid0f2yAnCNaEkv9xnLMHq4PpCaBASrqxqXwxt4kUzmcCyYtRPFtszkMjEctqUE1oTLMl,0,1,Foto,,,,,Total,56,54,21,21,0,0,0,,,,,,,,,
4787113348004032,422553107793433,"Facultad de Ingeniería UABC Mexicali",,,0,"03/29/2022 10:03",N/A,https://www.facebook.com/fimuabc/posts/pfbid02Rdihtb2PbrkDgroAoNcAkC4Y64uBGV1hNkAwkjrq6WcTFV2HsZw5nHxCMPe5JFDsl,0,0,Foto,,,,,Total,130,102,1,0,0,1,5,5,,,,,,,,
4787613261287374,422553107793433,"Facultad de Ingeniería UABC Mexicali",,"¡Atención Comunidad FIM, cordialmente invitados! 

Conferencia Inaugural del 11 Ciclo de Conferencias “Jueves de Ciencia”

Únete a la sesión:  meet.google.com/kyx-hsak-bjw

Resumen: en redes de computadoras, se pueden presentar escenarios particulares que hagan que una computadora destino este indisponible temporalmente para la red. Lo anterior, puede ser causado a que las telecomunicaciones fallan o se encuentran temporalmente fuera de servicio. Por otra parte, en sistemas distribuidos, la cooperación que existe entre distintos procesos llegar a ser vital para cumplir un objetivo global de la red. No obstante, en sistemas distribuidos masivos, como lo es el Internet, los procesos pueden tener un objetivo individual que puede entrar en conflicto con el cumplimiento del objetivo global del sistema. Estos escenarios donde ocurren conflicto de intereses o la ausencia de computadoras destino generan retos computacionalmente interesantes. Ya que es necesario cambiar el paradigma de los protocolos de comunicación clásicos y utilizar algoritmos de optimización y enfoques que permitan mitigar los problemas de comunicación; en esta plática se aborda como utilizar enfoques de cómputo evolutivo, teoría de juegos, teoría de grafos, entre otros. Finalmente, se plantean algunos retos y posibles variantes de escenarios de aplicación de este tipo de problemas.",0,"03/29/2022 15:03",N/A,https://www.facebook.com/fimuabc/posts/pfbid02BMUEhZ7cr361mc2eMCy7maN5s65PThSDn3fsPEKGVSgxjNYEfK8K4iMZJcBweEJjl,0,0,Foto,,,,,Total,61,58,5,5,0,0,1,,1,,,,,,,
4789587421089958,422553107793433,"Facultad de Ingeniería UABC Mexicali","Actualización de estado",https://www.facebook.com/254710164875890/posts/1793482127665345/,0,"03/30/2022 09:03",N/A,https://www.facebook.com/fimuabc/posts/pfbid02iuqCWGUNKdfHmNFxhJsoHRxQDhb4Ed3n1sjLHEdJSsG5vVY81ZN52iseebxFEC4Ll,0,1,Foto,,,,,Total,50,48,5,4,0,1,0,,,,,,,,,
4790169281031772,422553107793433,"Facultad de Ingeniería UABC Mexicali","Actualización de estado",https://www.facebook.com/254710164875890/posts/1794261094254115/,0,"03/30/2022 15:03",N/A,https://www.facebook.com/fimuabc/posts/pfbid0EsNDsA71YXbkZ8YvFnUgvxbMdn2EYLMgdqPPUjMtcviX1NuWQnvJDbRobTYDaDvel,0,1,Foto,,,,,Total,79,73,26,26,0,0,3,2,1,,,,,,,
4790326684349365,422553107793433,"Facultad de Ingeniería UABC Mexicali",,,0,"03/30/2022 16:03",N/A,https://www.facebook.com/fimuabc/posts/pfbid0VMjnYgnmM5fkeajPSQtF5SU158iSMdmy8hDfLfXztqGCX7CmnbiYqqqgU9gJCnYAl,0,0,Foto,,,,,Total,56,52,49,30,17,2,0,,,,,,,,,
4790340987681268,422553107793433,"Facultad de Ingeniería UABC Mexicali","Actualización de estado","Cordialmente invitados:

https://www.facebook.com/1309665132483025/posts/5005696936213141/?sfnsn=scwspmo",0,"03/30/2022 16:03",N/A,https://www.facebook.com/fimuabc/posts/pfbid029QmLDAb6vqPQZiCPL9DSSV2qaMBYXEfAtLZ3dzEiVgLAQ33NCdxoLTRVcjW3Kn8Tl,0,1,Foto,,,,,Total,53,51,12,11,0,1,0,,,,,,,,,
4792467200801980,422553107793433,"Facultad de Ingeniería UABC Mexicali",,"Atención Comunidad FIM:
IV Seminario Internacional Aeroespacial 2022

Contacto:

Coordinación del Programa Educativo de Ingeniero Aeroespacial; Campus Mexicali: aeroespacial_fim@uabc.edu.mx

  

Formulario para registro al Seminario: https://forms.gle/WddDAi2HbgfrP4qMA

 

Ponencias:

 

Ing. Diego Octavio Talavera Maya

Tema: Sistemas de Propulsión para Cohetes

Día y Horario: jueves 21 de abril; 12:00 a 13:00 hrs.

Link: https://meet.google.com/kpg-jobj-uix

 

 

Ing. Rubén Castañeda Martínez

Tema: Emprendimiento Aplicado en el Sector Aeroespacial

Día y Horario: jueves 21 de abril; 14:00 a 15:00 hrs.

Link: https://meet.google.com/vaj-ynby-szm

Ing. Gustavo Cano Magdaleno

Tema: Sistema de Gestión de Calidad como una Ventaja Competitiva; Retos, Oportunidades y Tendencia en la Industria Aeroespacial en México.

Día y Horario: viernes 22 de abril; 10:00 a 11:00 hrs.

Link: https://meet.google.com/ktb-nmoo-kvc  

Dr. Juan de Dios Ocampo Díaz

Tema: Vibraciones y Aeroelasticidad en Sistemas Aeroespaciales.

Día y Horario: viernes 22 de abril; 12:00 a 13:00 hrs.

Link: https://meet.google.com/ktb-nmoo-kvc",0,"03/31/2022 12:03",N/A,https://www.facebook.com/fimuabc/posts/pfbid0YR6WDpUm24596stFBG12GMaPZgGB4bWoFXXABjycx2FRQxv3KnuRej2wp9dCb4kml,0,0,Foto,,,,,Total,78,75,8,7,1,0,2,,1,1,,,,,,
4792468204135213,422553107793433,"Facultad de Ingeniería UABC Mexicali",,"Atención Comunidad FIM:",0,"03/31/2022 12:03",N/A,https://www.facebook.com/fimuabc/posts/pfbid0312ZVvuFQEXarmKWUyKuHDqMgv922VRoMb54pjHs9WJQruFzqKU22L5wKRS3akFgpl,0,0,Foto,,,,,Total,53,49,6,6,0,0,2,2,,,,,,,,
4792751240773576,422553107793433,"Facultad de Ingeniería UABC Mexicali","Actualización de estado",https://www.facebook.com/254710164875890/posts/1794999810846910/,0,"03/31/2022 15:03",N/A,https://www.facebook.com/fimuabc/posts/pfbid024dvAoQLRWf32xhi3WYA4GZzKxPmXQMMV1muXDWiKncjXzevzht9Lc4qup37ZKEVml,0,1,Foto,,,,,Total,51,48,17,17,0,0,0,,,,,,,,,
4793097524072281,422553107793433,"Facultad de Ingeniería UABC Mexicali",,,0,"03/31/2022 18:03",N/A,https://www.facebook.com/fimuabc/posts/pfbid0F811AKEowkGMbCshgvMH7KVkFwCraKWKZxYAoSNcHMv7W2MdfuuumMMgjWrrhGGSl,0,0,Foto,,,,,Total,50,47,0,0,0,0,0,,,,,,,,,
4520461794669190,422553107793433,"Facultad de Ingeniería UABC Mexicali","Actualización de estado","Vacante

https://www.facebook.com/1428471490787415/posts/2760869857547565/",0,"01/03/2022 10:01",N/A,https://www.facebook.com/fimuabc/posts/pfbid037qaE6iV8JpoZdYbbDjKopzzzmPgUqDQyq5LyeV4Lk7PMCKZRaRHu4RUB18A9Mam7l,0,1,Texto,,,,,Total,28,27,8,5,2,1,0,,,,,,,,,
4521334884581881,422553107793433,"Facultad de Ingeniería UABC Mexicali",,"Alumnos FIM 
Enlace de inscripción: https://fundacionuabc.org/prohibido-rendirse-2022/",0,"01/03/2022 18:01",N/A,https://www.facebook.com/fimuabc/posts/pfbid02GmEMVpU843d1YJHB8Qwjmusf72mk4ibogFF2vT9ZpU32v9vkfC4L2uyHV3xyvQRYl,0,0,Foto,,,,,Total,65,60,35,21,10,4,3,1,1,1,,,,,,
